Questions,Answers,Patterns,Tags
What are common causes of stress?,[Answer placeholder],[Pattern placeholder],Stress
What role does communication play in relationships?,[Answer placeholder],[Pattern placeholder],Relationships & Emotional Intelligence
How can I help someone who is suicidal?,[Answer placeholder],[Pattern placeholder],Suicide Prevention
What are the types of eating disorders?,[Answer placeholder],[Pattern placeholder],Eating Disorders
What are effective coping strategies for stress?,[Answer placeholder],[Pattern placeholder],Sleep Health & Coping Strategies
How can I support a loved one struggling with addiction?,[Answer placeholder],[Pattern placeholder],Addiction
What are effective treatments for ADHD?,[Answer placeholder],[Pattern placeholder],ADHD
How can I manage anxiety?,[Answer placeholder],[Pattern placeholder],Anxiety
How can I support someone with depression?,[Answer placeholder],[Pattern placeholder],Depression
Why is sleep important for mental health?,[Answer placeholder],[Pattern placeholder],Sleep Health & Coping Strategies
How can I improve my mental wellness?,[Answer placeholder],[Pattern placeholder],Mental Wellness & Self-Care
Is schizophrenia hereditary?,[Answer placeholder],[Pattern placeholder],Schizophrenia
How can mental health professionals help prevent suicide?,[Answer placeholder],[Pattern placeholder],Suicide Prevention
Is therapy necessary for everyone?,[Answer placeholder],[Pattern placeholder],Mindfulness & Therapy Types
What are the symptoms of anxiety?,[Answer placeholder],[Pattern placeholder],Anxiety
What are different types of therapy?,[Answer placeholder],[Pattern placeholder],Mindfulness & Therapy Types
What is mindfulness?,[Answer placeholder],[Pattern placeholder],Mindfulness & Therapy Types
How does cognitive behavioral therapy (CBT) work?,[Answer placeholder],[Pattern placeholder],Mindfulness & Therapy Types
How does diet affect mental health?,[Answer placeholder],[Pattern placeholder],Mental Wellness & Self-Care
What are the symptoms of schizophrenia?,[Answer placeholder],[Pattern placeholder],Schizophrenia
Can someone with schizophrenia live a normal life?,[Answer placeholder],[Pattern placeholder],Schizophrenia
How can I build resilience?,[Answer placeholder],[Pattern placeholder],Work-Life Balance & Resilience
How can eating disorders be treated?,[Answer placeholder],[Pattern placeholder],Eating Disorders
How can I develop emotional intelligence?,[Answer placeholder],[Pattern placeholder],Relationships & Emotional Intelligence
Can lifestyle changes help manage ADHD?,[Answer placeholder],[Pattern placeholder],ADHD
How can I build healthy relationships?,[Answer placeholder],[Pattern placeholder],Relationships & Emotional Intelligence
What are the causes of eating disorders?,[Answer placeholder],[Pattern placeholder],Eating Disorders
What is PTSD?,[Answer placeholder],[Pattern placeholder],PTSD
How can I help a friend with an eating disorder?,[Answer placeholder],[Pattern placeholder],Eating Disorders
How is PTSD diagnosed?,[Answer placeholder],[Pattern placeholder],PTSD
What are the different types of addiction?,[Answer placeholder],[Pattern placeholder],Addiction
How can I reduce stress?,[Answer placeholder],[Pattern placeholder],Stress
What are common signs of addiction?,[Answer placeholder],[Pattern placeholder],Addiction
What are the physical effects of stress?,[Answer placeholder],[Pattern placeholder],Stress
Can stress lead to serious health problems?,[Answer placeholder],[Pattern placeholder],Stress
What is ADHD?,[Answer placeholder],[Pattern placeholder],ADHD
What are the warning signs of suicide?,[Answer placeholder],[Pattern placeholder],Suicide Prevention
What treatments are available for depression?,[Answer placeholder],[Pattern placeholder],Depression
How can I stay motivated in difficult times?,[Answer placeholder],[Pattern placeholder],Work-Life Balance & Resilience
How can I achieve a work-life balance?,[Answer placeholder],[Pattern placeholder],Work-Life Balance & Resilience
What are good self-care practices?,[Answer placeholder],[Pattern placeholder],Mental Wellness & Self-Care
What are the effects of burnout?,[Answer placeholder],[Pattern placeholder],Work-Life Balance & Resilience
What are healthy sleep habits?,[Answer placeholder],[Pattern placeholder],Sleep Health & Coping Strategies
How can I deal with insomnia?,[Answer placeholder],[Pattern placeholder],Sleep Health & Coping Strategies
What treatments are available for PTSD?,[Answer placeholder],[Pattern placeholder],PTSD
What are simple ways to practice mindfulness?,[Answer placeholder],[Pattern placeholder],Mental Wellness & Self-Care
What triggers anxiety attacks?,[Answer placeholder],[Pattern placeholder],Anxiety
Where can I find suicide prevention resources?,[Answer placeholder],[Pattern placeholder],Suicide Prevention
What are signs of a toxic relationship?,[Answer placeholder],[Pattern placeholder],Relationships & Emotional Intelligence
How does lack of sleep affect mental health?,[Answer placeholder],[Pattern placeholder],Sleep Health & Coping Strategies
Is depression genetic?,[Answer placeholder],[Pattern placeholder],Depression
How can addiction be treated?,[Answer placeholder],[Pattern placeholder],Addiction
How is ADHD diagnosed?,[Answer placeholder],[Pattern placeholder],ADHD
What is schizophrenia?,[Answer placeholder],[Pattern placeholder],Schizophrenia
Can anxiety be cured?,[Answer placeholder],[Pattern placeholder],Anxiety
What role does exercise play in mental health?,[Answer placeholder],[Pattern placeholder],Mental Wellness & Self-Care
How can I manage relationship stress?,[Answer placeholder],[Pattern placeholder],Relationships & Emotional Intelligence
How is schizophrenia treated?,[Answer placeholder],[Pattern placeholder],Schizophrenia
What is depression?,[Answer placeholder],[Pattern placeholder],Depression
What are the symptoms of PTSD?,[Answer placeholder],[Pattern placeholder],PTSD
What are the symptoms of ADHD in adults and children?,[Answer placeholder],[Pattern placeholder],ADHD
What is anxiety?,[Answer placeholder],[Pattern placeholder],Anxiety
What are the long-term effects of eating disorders?,[Answer placeholder],[Pattern placeholder],Eating Disorders
How does stress affect mental health?,[Answer placeholder],[Pattern placeholder],Stress
How does addiction affect the brain?,[Answer placeholder],[Pattern placeholder],Addiction
What are the signs of depression?,[Answer placeholder],[Pattern placeholder],Depression
How can mindfulness help with mental health?,[Answer placeholder],[Pattern placeholder],Mindfulness & Therapy Types
What are ways to manage work-related stress?,[Answer placeholder],[Pattern placeholder],Work-Life Balance & Resilience
Can PTSD be managed without medication?,[Answer placeholder],[Pattern placeholder],PTSD
What should I do if I have suicidal thoughts?,[Answer placeholder],[Pattern placeholder],Suicide Prevention
What are common causes of stress?,[Answer placeholder],[Pattern placeholder],Stress
What role does communication play in relationships?,[Answer placeholder],[Pattern placeholder],Relationships & Emotional Intelligence
How can I help someone who is suicidal?,[Answer placeholder],[Pattern placeholder],Suicide Prevention
What are the types of eating disorders?,[Answer placeholder],[Pattern placeholder],Eating Disorders
What are effective coping strategies for stress?,[Answer placeholder],[Pattern placeholder],Sleep Health & Coping Strategies
How can I support a loved one struggling with addiction?,[Answer placeholder],[Pattern placeholder],Addiction
What are effective treatments for ADHD?,[Answer placeholder],[Pattern placeholder],ADHD
How can I manage anxiety?,[Answer placeholder],[Pattern placeholder],Anxiety
How can I support someone with depression?,[Answer placeholder],[Pattern placeholder],Depression
Why is sleep important for mental health?,[Answer placeholder],[Pattern placeholder],Sleep Health & Coping Strategies
How can I improve my mental wellness?,[Answer placeholder],[Pattern placeholder],Mental Wellness & Self-Care
Is schizophrenia hereditary?,[Answer placeholder],[Pattern placeholder],Schizophrenia
How can mental health professionals help prevent suicide?,[Answer placeholder],[Pattern placeholder],Suicide Prevention
Is therapy necessary for everyone?,[Answer placeholder],[Pattern placeholder],Mindfulness & Therapy Types
What are the symptoms of anxiety?,[Answer placeholder],[Pattern placeholder],Anxiety
What are different types of therapy?,[Answer placeholder],[Pattern placeholder],Mindfulness & Therapy Types
What is mindfulness?,[Answer placeholder],[Pattern placeholder],Mindfulness & Therapy Types
How does cognitive behavioral therapy (CBT) work?,[Answer placeholder],[Pattern placeholder],Mindfulness & Therapy Types
How does diet affect mental health?,[Answer placeholder],[Pattern placeholder],Mental Wellness & Self-Care
What are the symptoms of schizophrenia?,[Answer placeholder],[Pattern placeholder],Schizophrenia
Can someone with schizophrenia live a normal life?,[Answer placeholder],[Pattern placeholder],Schizophrenia
How can I build resilience?,[Answer placeholder],[Pattern placeholder],Work-Life Balance & Resilience
How can eating disorders be treated?,[Answer placeholder],[Pattern placeholder],Eating Disorders
How can I develop emotional intelligence?,[Answer placeholder],[Pattern placeholder],Relationships & Emotional Intelligence
Can lifestyle changes help manage ADHD?,[Answer placeholder],[Pattern placeholder],ADHD
How can I build healthy relationships?,[Answer placeholder],[Pattern placeholder],Relationships & Emotional Intelligence
What are the causes of eating disorders?,[Answer placeholder],[Pattern placeholder],Eating Disorders
What is PTSD?,[Answer placeholder],[Pattern placeholder],PTSD
How can I help a friend with an eating disorder?,[Answer placeholder],[Pattern placeholder],Eating Disorders
How is PTSD diagnosed?,[Answer placeholder],[Pattern placeholder],PTSD
What are the different types of addiction?,[Answer placeholder],[Pattern placeholder],Addiction
How can I reduce stress?,[Answer placeholder],[Pattern placeholder],Stress
What are common signs of addiction?,[Answer placeholder],[Pattern placeholder],Addiction
What are the physical effects of stress?,[Answer placeholder],[Pattern placeholder],Stress
Can stress lead to serious health problems?,[Answer placeholder],[Pattern placeholder],Stress
What is ADHD?,[Answer placeholder],[Pattern placeholder],ADHD
What are the warning signs of suicide?,[Answer placeholder],[Pattern placeholder],Suicide Prevention
What treatments are available for depression?,[Answer placeholder],[Pattern placeholder],Depression
How can I stay motivated in difficult times?,[Answer placeholder],[Pattern placeholder],Work-Life Balance & Resilience
How can I achieve a work-life balance?,[Answer placeholder],[Pattern placeholder],Work-Life Balance & Resilience
What are good self-care practices?,[Answer placeholder],[Pattern placeholder],Mental Wellness & Self-Care
What are the effects of burnout?,[Answer placeholder],[Pattern placeholder],Work-Life Balance & Resilience
What are healthy sleep habits?,[Answer placeholder],[Pattern placeholder],Sleep Health & Coping Strategies
How can I deal with insomnia?,[Answer placeholder],[Pattern placeholder],Sleep Health & Coping Strategies
What treatments are available for PTSD?,[Answer placeholder],[Pattern placeholder],PTSD
What are simple ways to practice mindfulness?,[Answer placeholder],[Pattern placeholder],Mental Wellness & Self-Care
What triggers anxiety attacks?,[Answer placeholder],[Pattern placeholder],Anxiety
Where can I find suicide prevention resources?,[Answer placeholder],[Pattern placeholder],Suicide Prevention
What are signs of a toxic relationship?,[Answer placeholder],[Pattern placeholder],Relationships & Emotional Intelligence
How does lack of sleep affect mental health?,[Answer placeholder],[Pattern placeholder],Sleep Health & Coping Strategies
Is depression genetic?,[Answer placeholder],[Pattern placeholder],Depression
How can addiction be treated?,[Answer placeholder],[Pattern placeholder],Addiction
How is ADHD diagnosed?,[Answer placeholder],[Pattern placeholder],ADHD
What is schizophrenia?,[Answer placeholder],[Pattern placeholder],Schizophrenia
Can anxiety be cured?,[Answer placeholder],[Pattern placeholder],Anxiety
What role does exercise play in mental health?,[Answer placeholder],[Pattern placeholder],Mental Wellness & Self-Care
How can I manage relationship stress?,[Answer placeholder],[Pattern placeholder],Relationships & Emotional Intelligence
How is schizophrenia treated?,[Answer placeholder],[Pattern placeholder],Schizophrenia
What is depression?,[Answer placeholder],[Pattern placeholder],Depression
What are the symptoms of PTSD?,[Answer placeholder],[Pattern placeholder],PTSD
What are the symptoms of ADHD in adults and children?,[Answer placeholder],[Pattern placeholder],ADHD
What is anxiety?,[Answer placeholder],[Pattern placeholder],Anxiety
What are the long-term effects of eating disorders?,[Answer placeholder],[Pattern placeholder],Eating Disorders
How does stress affect mental health?,[Answer placeholder],[Pattern placeholder],Stress
How does addiction affect the brain?,[Answer placeholder],[Pattern placeholder],Addiction
What are the signs of depression?,[Answer placeholder],[Pattern placeholder],Depression
How can mindfulness help with mental health?,[Answer placeholder],[Pattern placeholder],Mindfulness & Therapy Types
What are ways to manage work-related stress?,[Answer placeholder],[Pattern placeholder],Work-Life Balance & Resilience
Can PTSD be managed without medication?,[Answer placeholder],[Pattern placeholder],PTSD
What should I do if I have suicidal thoughts?,[Answer placeholder],[Pattern placeholder],Suicide Prevention
What are common causes of stress?,[Answer placeholder],[Pattern placeholder],Stress
What role does communication play in relationships?,[Answer placeholder],[Pattern placeholder],Relationships & Emotional Intelligence
How can I help someone who is suicidal?,[Answer placeholder],[Pattern placeholder],Suicide Prevention
What are the types of eating disorders?,[Answer placeholder],[Pattern placeholder],Eating Disorders
What are effective coping strategies for stress?,[Answer placeholder],[Pattern placeholder],Sleep Health & Coping Strategies
How can I support a loved one struggling with addiction?,[Answer placeholder],[Pattern placeholder],Addiction
What are effective treatments for ADHD?,[Answer placeholder],[Pattern placeholder],ADHD
How can I manage anxiety?,[Answer placeholder],[Pattern placeholder],Anxiety
How can I support someone with depression?,[Answer placeholder],[Pattern placeholder],Depression
Why is sleep important for mental health?,[Answer placeholder],[Pattern placeholder],Sleep Health & Coping Strategies
