Questions,Answers,Patterns,Tags
What is mental health?,"Mental health refers to a person's emotional, psychological, and social well-being. It affects how individuals think, feel, and behave, as well as how they handle stress, relate to others, and make decisions.",Can you explain mental health?,Mental Health
What are common signs of mental health issues?,"Common signs include persistent sadness, mood swings, excessive worry or fear, difficulty concentrating, changes in sleep or appetite, withdrawal from social activities, and thoughts of self-harm or suicide.",Describe signs of mental health issues?,Mental Health Issues
How can stress affect mental health?,"Chronic stress can lead to anxiety, depression, difficulty sleeping, high blood pressure, and other physical health problems. Managing stress through relaxation techniques, exercise, and healthy coping mechanisms is crucial.",Explain how stress affect health?,Stress
What is the difference between anxiety and depression?,"Anxiety is characterized by excessive worry, nervousness, or fear, often about future events. Depression, on the other hand, involves persistent feelings of sadness, hopelessness, and a loss of interest in activities once enjoyed.",How are anxiety and depression different?,Stress and Depression
How can someone improve their mental health?,"Strategies include getting enough sleep, eating a balanced diet, exercising regularly, practicing mindfulness, building strong social connections, and seeking professional help when needed.",What are some ways to improve mental health?,improvement
Why is talking about mental health important?,"Talking about mental health helps reduce stigma, encourages individuals to seek help, and promotes a more supportive and understanding society.",Why is it important to talk about mental health?,Health Talk
What are some common mental health disorders?,"Some common disorders include anxiety disorders, depression, bipolar disorder, schizophrenia, post-traumatic stress disorder (PTSD), and obsessive-compulsive disorder (OCD).",Tell me some common mental health disorders?,Disorders
 How does social media impact mental health?,"Social media can both positively and negatively affect mental health. It can provide support and community but may also contribute to anxiety, low self-esteem, and depression due to comparison, cyberbullying, and excessive screen time.",Describe how social media affect mental health?,Social Media Influence
When should someone seek professional help for mental health issues?,"If symptoms persist for more than two weeks, interfere with daily life, cause distress, or include thoughts of self-harm or suicide, seeking professional help from a therapist, counselor, or psychiatrist is essential.",When should someone get professional help for mental health?,Get Help
Can mental health conditions be treated?,"Yes! Many mental health conditions can be effectively managed with therapy, medication, lifestyle changes, and support from family and friends. Early intervention improves outcomes.","Can mental health conditions be cured? If so, how?",Mental Health Conditions
How does physical activity benefit mental health?,"Exercise releases endorphins, which help reduce stress and improve mood. It also boosts self-esteem, improves sleep, and can alleviate symptoms of anxiety and depression.",How does physical activity improve mental well-being?,Fitness
What is the role of nutrition in maintaining good mental health?,"A balanced diet rich in vitamins, minerals, and healthy fats supports brain function. Omega-3 fatty acids, B vitamins, and antioxidants help reduce inflammation and improve mood stability.",Tell me how nutrition affects mental health?,Nutrition
How can mindfulness and meditation help reduce stress and anxiety?,"Mindfulness and meditation encourage present-moment awareness, helping to reduce overthinking and worry. They also lower cortisol (the stress hormone) and promote relaxation.",How do mindfulness and meditation help with stress and anxiety?,Mindfulness
What is the impact of sleep on mental health?,"Poor sleep can contribute to irritability, difficulty concentrating, and increased stress. Chronic sleep deprivation is linked to anxiety, depression, and other mental health disorders.",Explain how sleep impacts mental health.,Sleep
How does childhood trauma affect mental health in adulthood?,"Childhood trauma can increase the risk of anxiety, depression, and PTSD. It may also affect self-esteem, relationships, and coping mechanisms in adulthood.",Describe how childhood trauma can affect mental health in adulthood.,Childhood Trauma
How can someone support a loved one who is struggling with their mental health?,"Listen without judgment, encourage them to seek help, offer emotional support, and check in regularly. Avoid minimizing their feelings or offering unsolicited advice.",What are some ways to support a loved one dealing with mental health struggles?,Support
"What is burnout, and how can it be prevented?","Burnout is a state of emotional, physical, and mental exhaustion caused by prolonged stress, often related to work or caregiving. Prevent it by setting boundaries, taking breaks, practicing self-care, and seeking support.",Tell me what burnout is and how to prevent it.,Burnout
How do genetics and environment influence mental health?,"Genetics can predispose individuals to mental health conditions, but environmental factors like trauma, stress, and social support also play a significant role in mental well-being.",How do genetics and environment shape mental health?,Genetics
"Why is self-care important, and what are some good self-care practices?","Self-care helps maintain emotional balance and resilience. Examples include exercising, meditating, journaling, spending time in nature, engaging in hobbies, and setting boundaries in relationships.","Why is self-care essential, and what are some good self-care habits?",Self-care
What are the different types of anxiety disorders?,"Anxiety disorders include generalized anxiety disorder (GAD), social anxiety disorder, panic disorder, phobias, and obsessive-compulsive disorder (OCD). Each has unique symptoms but shares excessive worry or fear.",What are the different kinds of anxiety disorders?,Anxiety Disorders
"What is high-functioning depression, and how is it different from major depression?","High-functioning depression, or persistent depressive disorder (dysthymia), involves chronic low mood but allows individuals to maintain daily responsibilities. Major depression is more intense and can severely disrupt daily life.",Explain high-functioning depression and how it differs from major depression.,High Depression
How can deep breathing exercises help manage anxiety?,"Deep breathing activates the parasympathetic nervous system, reducing heart rate and promoting relaxation. Techniques like box breathing or the 4-7-8 method help calm anxious thoughts.",How do deep breathing exercises help manage anxiety?,Breathing Exercise
How can someone differentiate between sadness and clinical depression?,"Sadness is a temporary emotional state, while depression is persistent, lasting at least two weeks, and affects daily functioning, including sleep, appetite, and motivation.",Tell me how to distinguish sadness from clinical depression.,Sadness
What are the benefits of journaling for mental health?,"Journaling helps process emotions, reduce stress, and improve self-awareness. It can also help identify patterns in thoughts and behaviors, aiding in emotional regulation.",How does journaling benefit mental health?,Journaling
What is PTSD?,"PTSD is a psychiatric disorder that may occur in people who have experienced or witnessed a traumatic event, series of events or set of circumstances.",What exactly is PTSD?,PTSD
How does social connection impact mental well-being?,"Strong social relationships reduce stress, boost self-esteem, and provide emotional support, which can lower the risk of anxiety and depression.",Describe how social connections impact mental well-being.,Social Connection
What are common symptoms of PTSD?,"PTSD symptoms include flashbacks, nightmares, severe anxiety, emotional numbness, and avoidance of triggers related to a traumatic event.",Define the common signs of PTSD?,PTSD Signs
"Can PTSD be treated, and what are some effective treatments?","Yes, PTSD can be treated with therapy (such as Cognitive Behavioral Therapy or EMDR), medication, and self-care techniques like mindfulness and grounding exercises.",Can PTSD be treated? What are the best treatment options?,PTSD Treatments
Why is gratitude important for mental health?,"Practicing gratitude shifts focus from negative thoughts to positive experiences, improving mood, reducing stress, and increasing overall life satisfaction.",Explain why gratitude is important for mental health.,Gratitude
How does workplace stress affect mental health?,"Chronic workplace stress can lead to anxiety, depression, and burnout. Setting boundaries, taking breaks, and seeking support can help manage stress effectively.",Does stress at work influence mental health?,Stress at Work
"What is the fight or flight response, and how does it relate to anxiety?","The fight-or-flight response is the body’s natural reaction to stress or danger, triggering increased heart rate, rapid breathing, and heightened alertness. In anxiety disorders, this response is often activated unnecessarily, leading to chronic stress and fear.","Tell me about ""fight-or-flight"" response, and how does it relate to anxiety?",Fight or Flight
Can caffeine worsen anxiety symptoms?,"Yes, caffeine can increase heart rate, jitteriness, and nervousness, which may worsen anxiety symptoms, especially in individuals prone to anxiety disorders.","Can caffeine make anxiety worse? If so, how?",Caffeine
How does seasonal affective disorder (SAD) differ from regular depression?,"SAD is a type of depression that occurs seasonally, often in winter, due to reduced sunlight exposure. It can cause low energy, mood changes, and increased sleep, but typically improves with light therapy and lifestyle adjustments.",Describe how seasonal affective disorder (SAD) is different from regular depression.,SAD Disorder
Can exercise be as effective as medication for mild depression?,"In some cases, regular physical activity can help alleviate mild depression by releasing endorphins, improving sleep, and boosting self-esteem. However, severe depression may require additional treatments like therapy or medication.",How can exercise be as effective as medication for mild depression?,Exercising
What is the difference between PTSD and acute stress disorder (ASD)?,"ASD occurs within a month of a traumatic event and includes symptoms like flashbacks, anxiety, and dissociation. If these symptoms persist beyond a month, it may be diagnosed as PTSD.",Tell me the difference between PTSD and acute stress disorder.,PTSD vs ASD
"What is digital detox, and why is it beneficial for mental health?","A digital detox involves taking breaks from screens and social media to reduce stress, improve sleep, and enhance real-life social interactions. It helps in preventing information overload and anxiety.","Describe digital detox, and how does it help mental health?",Digital Detox
Can pets help improve mental health?,"Yes! Pets provide companionship, reduce loneliness, and can lower stress and anxiety levels. Interacting with pets also releases oxytocin, a hormone linked to happiness and relaxation.",Explain how pets can help with mental health.,Pets
"What is cognitive-behavioral therapy (CBT), and how does it help with mental health issues?","CBT is a structured therapy that helps individuals identify and change negative thought patterns. It’s effective for treating anxiety, depression, and PTSD by promoting healthier ways of thinking and behaving.",Describe cognitive-behavioral therapy (CBT) and how it helps mental health.,CBT Therapy
How do I know if I need therapy?,"If you feel overwhelmed, sad, anxious, or stuck in negative thoughts for a long time, therapy can help. It’s okay to talk to a professional even if your problems seem small.",How can I tell if I need therapy?,Therapy
What should I do if someone I love is struggling with their mental health?,"Listen without judging, encourage them to talk about their feelings, and suggest they seek help if needed. Just being there for them can make a big difference.",What should I do if someone I care about is struggling with their mental health?,Struggle with Mental Health
Is it normal to feel mentally exhausted even if I’m not physically tired?,"Yes, mental exhaustion (or burnout) happens when your brain is overloaded with stress or emotions. Taking breaks, resting, and doing relaxing activities can help.",Is it normal to feel mentally exhausted even when I’m not physically tired?,Exhaustion
Can social media affect my mental health?,"Yes, too much social media can lead to stress, anxiety, and comparing yourself to others. Taking breaks and following positive content can help.","How does social media affect mental health, both positively and negatively?",Social Media
How can I stop overthinking everything?,"Try writing down your thoughts, distracting yourself with an activity, or reminding yourself that not everything needs to be perfect or solved right away.",Tell me some ways to stop overthinking.,Overthinking
Why do I feel lonely even when I’m around people?,Loneliness isn’t just about being alone—it’s about feeling misunderstood or disconnected. Finding people who truly support and listen to you can help.,Why do I sometimes feel lonely even when I’m with people?,Loneliness
What’s the difference between mental health and mental illness?,Mental health is about how you feel and handle stress daily. Mental illness is when certain conditions (like depression or anxiety) affect your thinking and emotions long-term.,Explain the difference between mental health and mental illness.,Mental Health vs Mental Illness
How do I take care of my mental health every day?,"Get enough sleep, eat well, exercise, connect with loved ones, and take breaks when needed. Small daily habits can make a big difference.",How can I take care of my mental health daily?,Daily Self-care
Can mental health problems affect physical health?,"Yes, mental health issues can impact physical health by affecting sleep, appetite, and overall immune function. Chronic stress or depression, for example, can lead to heart disease or other illnesses.",Describe how mental health issues can impact physical health.,Physical Health
What’s the difference between stress and anxiety?,"Stress is a natural response to a situation or challenge, whereas anxiety is a feeling of worry or fear that may occur without a clear cause and can persist over time.",Differentiate between stress and anxiety?,Stress and Anxiety
How do I know if I need medication for my mental health?,"If your symptoms are interfering with your daily life and aren’t improving with self-care or therapy, medication may be helpful. A doctor or therapist can help assess if it’s the right option for you.",How do I tell if I need medication for my mental health?,Medication for Mental Health
